Song Name,Singer,Lyrics
Ne me quitte pas,Jacques Brel,"Ne me quitte pas
Il faut oublier
Tout peut s'oublier
Qui s'enfuit déjà
Oublier le temps
Des malentendus
Et le temps perdu
A savoir comment
Oublier ces heures
Qui tuaient parfois
A coups de pourquoi
Le cœur du bonheur
Ne me quitte pas
Ne me quitte pas
Ne me quitte pas
Ne me quitte pas

Moi je t'offrirai
Des perles de pluie
Venues de pays
Où il ne pleut pas
Je creuserai la terre
Jusqu'après ma mort
Pour couvrir ton corps
D'or et de lumière
Je ferai un domaine
Où l'amour sera roi
Où l'amour sera loi
Où tu seras reine
Ne me quitte pas
Ne me quitte pas
Ne me quitte pas
Ne me quitte pas

Ne me quitte pas
Je t'inventerai
Des mots insensés
Que tu comprendras
Je te parlerai
De ces amants-là
Qui ont vu deux fois
Leurs cœurs s'embraser
Je te raconterai
L'histoire de ce roi
Mort de n'avoir pas
Pu te rencontrer
Ne me quitte pas
Ne me quitte pas
Ne me quitte pas
Ne me quitte pas

On a vu souvent
Rejaillir le feu
D'un ancien volcan
Qu'on croyait trop vieux
Il est paraît-il
Des terres brûlées
Donnant plus de blé
Qu'un meilleur avril
Et quand vient le soir
Pour qu'un ciel flamboie
Le rouge et le noir
Ne s'épousent-ils pas
Ne me quitte pas
Ne me quitte pas
Ne me quitte pas
Ne me quitte pas

Ne me quitte pas
Je ne vais plus pleurer
Je ne vais plus parler
Je me cacherai là
A te regarder
Danser et sourire
Et à t'écouter
Chanter et puis rire
Laisse-moi devenir
L'ombre de ton ombre
L'ombre de ta main
L'ombre de ton chien
Ne me quitte pas
Ne me quitte pas
Ne me quitte pas
Ne me quitte pas."
Dépassé,Nuit incolore,"J'suis dépassé par le temps
J'ai besoin de prendre l'air
Regard noir dans le vide
Je dévisage ce qu'il reste de mon avenir
Mes souvenirs deviennent liquides
Je voudrais en quitter le navire
Et finalement, j'en perds mon temps
Comment puis-je me perdre autant?
Le vent se lève
Je tenterais d'être un survivant
Au bout de mes lèvres, les mots m'attendent
Ils se servent mais jamais ne tombent
Au fond de moi, je suis fais de catacombe
J'ai le chronomètre dans la tête
Combien de rêves me faudra-t-il
Pour que les heures s'arrêtent?
J'suis dépassé par le temps
Je ne pense plus comme avant
J'ai besoin de prendre l'air
J'veux rejoindre la lumière
Je me nourris de distance
Pour sentir mon existence
J'ai besoin de me distraire
Mais j'suis au fond de l'enfer
J'suis dépassé par le temps
J'ai besoin de prendre l'air
J'veux rejoindre la lumière
Retarder les larmes est une solution
J'deviens l'ennemi de ma raison
J'deviens l'ami de mes pulsions
J'me cacherai parmi les ombres
Je suis séduit par les fosses
Séduit comme Faust
J'me rapproche de mes défauts
Je n'ai plus sommeil
Je n'ai plus de réveil
Et pourtant, la nuit
Ne me porte plus conseil
Je n'ai plus sommeil
Je n'ai plus de réveil
C'est complexe d'exister
Mais au moins, j'essaie
J'ai le chronomètre dans la tête
Combien de rêves me faudra-t-il
Pour que les heures s'arrêtent?
J'suis dépassé par le temps
Je ne pense plus comme avant
J'ai besoin de prendre l'air
J'veux rejoindre la lumière
Je me nourris de distance
Pour sentir mon existence
J'ai besoin de me distraire
Mais j'suis au fond de l'enfer
J'suis dépassé par le temps
J'ai besoin de prendre l'air
J'veux rejoindre la lumière
Depuis quand est-ce que j'ai mal tourné?
Car je me sens tout décentré
Je ne suis plus pareil
Je ne suis plus le même
Je n'connais plus le thème
Je poursuis le soleil
J'suis dépassé par le temps
Je ne pense plus comme avant
J'ai besoin de prendre l'air
J'veux rejoindre la lumière
Je me nourris de distance
Pour sentir mon existence
J'ai besoin de me distraire
Mais j'suis au fond de l'enfer
J'suis dépassé par le temps
J'ai besoin de prendre l'air
J'veux rejoindre la lumière"
La Vie en Rose,Edith Piaf,"Des yeux qui font baisser les miens
Un rire qui se perd sur sa bouche
Voilà le portrait sans retouche
De l'homme auquel j'appartiens

Quand il me prend dans ses bras
Il me parle tout bas
Je vois la vie en rose

Il me dit des mots d'amour
Des mots de tous les jours
Et ça me fait quelque chose

Il est entré dans mon cœur
Une part de bonheur
Dont je connais la cause

C'est lui pour moi, moi pour lui dans la vie
Il me l'a dit, l'a juré pour la vie

Et dès que je l'aperçois
Alors je sens en moi
Mon cœur qui bat

Des nuits d'amour à plus finir
Un grand bonheur qui prend sa place
Des ennuis, des chagrins s'effacent
Heureux, heureux à en mourir

Quand il me prend dans ses bras
Il me parle tout bas
Je vois la vie en rose

Il me dit des mots d'amour
Des mots de tous les jours
Et ça me fait quelque chose

Il est entré dans mon cœur
Une part de bonheur
Dont je connais la cause

C'est toi pour moi, moi pour toi dans la vie
Il me l'a dit, l'a juré pour la vie

Et dès que je t'aperçois
Alors je sens en moi
Mon cœur qui bat"
Eté 90,Therapie Taxi,"On a dévalé la pente en moins d'deux
On a fait comme si on savait pas
On a évité les regards ambigus
On a fait comme si on pouvait pas
On a dessiné la zone, évité les roses
Repoussé la faune, compliqué les choses
Mais maudit ami, je veux plus
Danser ce slow avec toi
Souviens-toi des années 90
Quand dans la cour, tous les jours, j'étais ton roi
Tu as bien grandi et tu me brusques
Et parfois même, tu te loves dans mes bras
Mais jamais, jamais, jamais plus
Car je le sais, je suis l'homme qu'on n'voit pas
Et si le soleil se lève sur les autres
Je sais qu'c'est moi qui ai chassé les roses
Amour d'amour, tu le sais, c'est ma faute
J'ai bien trop peur pour casser les choses
On va s'en tenir simplement à nos rôles
(Simplement à nos rôles, simplement à nos rôles)
Je sais qu'c'est triste mais je suis sous hypnose
(Je suis sous hypnose)
Tu as décidé des règles en fin d'jeu
J'étais teenager amoureuse
Puis le temps s'est écoulé en moins d'deux
Finies les années délicieuses
Mais maudit ami, je veux plus
Danser ce slow avec toi
Souviens-toi des années 90
Quand dans la cour, tous les jours
T'étais mon roi
Et si le soleil se lève sur les autres
Je sais qu'c'est moi qui ai chassé les roses
Amour d'amour, tu le sais, c'est ma faute
J'ai bien trop peur pour casser les choses
On va s'en tenir simplement à nos rôles
(Simplement à nos rôles, simplement à nos rôles)
Je sais qu'c'est triste mais je suis sous hypnose
Plus tu t'approches et plus j'appuie sur pause
Et seule tous les soirs, et seul tous les soirs
Et seule tous les soirs, je reste dans le noir
Et seul tous les soirs, je reste dans le noir
Et seule tous les soirs, je reste dans le noir
Et seul tous les soirs, je reste dans le noir
(Et si le soleil se lève sur les autres
Je sais qu'c'est moi qui ai chassé les roses)
Amour d'amour, tu le sais, c'est ma faute
J'ai bien trop peur pour casser les choses
Et si le soleil se lève sur les autres
Je sais qu'c'est moi qui ai chassé les roses
Amour d'amour, tu le sais, c'est ma faute
J'ai bien trop peur pour casser les choses
On va s'en tenir simplement à nos rôles
Je serai là, toujours ton épaule
Je sais qu'c'est triste mais je suis sous hypnose
Plus tu t'approches et plus j'appuie sur pause"
Les lacs du Connemara,Michel Sardou,"Terre brûlée au vent
Des landes de pierre
Autour des lacs
C′est pour les vivants
Un peu d'enfer
Le Connemara

Des nuages noirs
Qui viennent du nord
Colorent la terre
Les lacs, les rivières
C′est le décor
Du Connemara

Au printemps suivant
Le ciel irlandais était en paix
Maureen a plongé
Nue dans un lac du Connemara


Sean Kelly s'est dit
Je suis catholique
Maureen aussi
L'église en granit de Limerick
Maureen a dit oui

De Tiperrary, Bally-Connelly
Et de Galway
Ils sont arrivés
Dans le comté du Connemara

Y avait les Connor, les O′Conolly
Les Flaherty, du Ring of Kerry
Et de quoi boire trois jours et deux nuits

Là-bas, au Connemara
On sait tout le prix du silence
Là-bas, au Connemara
On dit que la vie c′est une folie
Et que la folie ça se danse

Terre brûlée au vent
Des landes de pierre
Autour des lacs
C'est pour les vivants
Un peu d′enfer
Le Connemara

Des nuages noirs
Qui viennent du nord
Colorent la terre
Les lacs, les rivières
C'est le décor du Connemara

On y vit encore au temps des Gaels
Et de Cromwell
Au rythme des pluies et du soleil
Au pas des chevaux

On y croit encore aux monstres des lacs
Qu′on voit nager certains soirs d'été
Et replonger pour l′éternité

On y voit encore des hommes d'ailleurs
Venus chercher le repos de l'âme
Et pour le cœur, un goût de meilleur

L′on y croit encore que le jour viendra
Il est tout près, où les Irlandais
Feront la paix autour de la croix

Là-bas, au Connemara
On sait tout le prix de la guerre
Là-bas, au Connemara
On n′accepte pas
La paix des Gallois
Ni celle des rois d'Angleterre"
Alors on danse,Stromae,"Alors on
Alors on
Alors on
Qui dit étude dit travail
Qui dit taf te dit les thunes
Qui dit argent dit dépenses
Et qui dit crédit dit créance
Qui dit dette te dit huissier
Et lui dit assis dans la merde
Qui dit amour dit les gosses
Dit toujours et dit divorce
Qui dit proches te dit deuils
Car les problèmes ne viennent pas seuls
Qui dit crise te dit monde
Dit famine, dit tiers-monde
Et qui dit fatigue dit réveil
Encore sourd de la veille
Alors on sort pour oublier tous les problèmes
Alors on danse
Alors on danse
Alors on danse
Alors on danse
Alors on danse
Alors on danse
Alors on danse
Alors on danse
Alors on danse
Et là tu te dis que c'est fini
Car pire que ça ce serait la mort
Quand tu crois enfin que tu t'en sors
Quand y en a plus et ben y en a encore
Est-ce la zik ou les problèmes?
Les problèmes ou bien la musique
Ça te prend les tripes, ça te prend la tête
Et puis tu pries pour que ça s'arrête
Mais c'est ton corps, c'est pas le ciel
Alors tu te bouches plus les oreilles
Et là tu cries encore plus fort
Et ça persiste
Alors on chante
La-la-la-la-la-la
La-la-la-la-la-la
Alors on chante
La-la-la-la-la-la
La-la-la-la-la-la
Alors on chante
Alors on chante
Et puis seulement quand c'est fini
Alors on danse
Alors on danse
Alors on danse
Alors on danse
Alors on danse
Alors on danse
Alors on danse
Alors on danse
Et ben y en a encore
Et ben y en a encore
Et ben y en a encore
Et ben y en a encore
Et ben y en a encore"
La Terre est ronde,Orelsan,"Au fond, j'crois qu'la Terre est ronde
Pour une seule bonne raison
Après avoir fait l'tour du monde
Tout c'qu'on veut, c'est être à la maison
T'as besoin d'une voiture pour aller travailler
Tu travailles pour rembourser la voiture que tu viens d'acheter (viens d'acheter)
Tu vois l'genre de cercle vicieux?
Le genre de trucs qui donne envie d'tout faire sauf de mourir vieux (mourir vieux)
Tu peux courir à l'infini
À la poursuite du bonheur
La Terre est ronde, autant l'attendre ici (l'attendre ici)
J'suis pas fainéant mais j'ai la flemme
Et ça va finir en arrêt maladie pour toute la semaine (toute la semaine)
J'veux profiter des gens qu'j'aime
J'veux prendre le temps, avant qu'le temps m'prenne et m'emmène (et m'emmène)
J'ai des centaines de trucs sur le feu
Mais j'ferai juste c'que je veux quand même
Au fond, j'crois qu'la Terre est ronde
Pour une seule bonne raison
Après avoir fait l'tour du monde
Tout c'qu'on veut, c'est être à la maison
Au fond, j'crois qu'la Terre est ronde
Pour une seule bonne raison
Après avoir fait l'tour du monde
Tout c'qu'on veut, c'est être à la maison
Les rappeurs cainris donnent les mêmes conseils que mes parents
Fais c'que tu veux dans ta vie, mais surtout, fais d'l'argent (fais d'l'argent)
J'essaye de trouver l'équilibre
À quoi ça sert de préparer l'avenir si t'oublies d'vivre? (t'oublies d'vivre)
En caleçon qui m'sert de pyjama
Au lieu d'lécher mon patron pour une avance qu'il m'filera pas (m'filera pas)
Ce soir, j'rameuterai l'équipe
En attendant, merci d'appeler
Mais s'il te plaît, parle après l'bip (parle après l'bip)
Aujourd'hui, je me sens bien
J'voudrais pas tout gâcher
J'vais tout remettre au lendemain (au lendemain)
Y'a vraiment rien dont j'ai vraiment besoin
On verra bien si j'me perds en chemin
Au fond, j'crois qu'la Terre est ronde
Pour une seule bonne raison
Après avoir fait l'tour du monde
Tout c'qu'on veut, c'est être à la maison
Au fond, j'crois qu'la Terre est ronde
Pour une seule bonne raison
Après avoir fait l'tour du monde
Tout c'qu'on veut, c'est être à la maison
Pourquoi faire tout d'suite tout c'qu'on peut faire plus tard? (plus tard)
Tout c'qu'on veut c'est profiter d'l'instant (d'l'instant)
On s'épanouit dans la lumière du soir (du soir)
Tout c'qu'on veut c'est pouvoir vivre maintenant (maintenant)
Pourquoi faire tout d'suite tout c'qu'on peut faire plus tard? (plus tard)
Tout c'qu'on veut c'est profiter d'l'instant (d'l'instant)
On s'épanouit dans la lumière du soir (du soir)
Tout c'qu'on veut c'est pouvoir vivre maintenant (maintenant)
Au fond, j'crois qu'la Terre est ronde
Pour une seule bonne raison
Après avoir fait l'tour du monde
Tout c'qu'on veut, c'est être à la maison
Au fond, j'crois qu'la Terre est ronde
Pour une seule bonne raison
Après avoir fait l'tour du monde
Tout c'qu'on veut, c'est être à la maison
Au fond, j'crois qu'la Terre est ronde
Pour une seule bonne raison
Après avoir fait l'tour du monde
Tout c'qu'on veut, c'est être à la maison"
Les Champs-elysées,Joe Dassin,"Je m′baladais sur l'avenue
Le cœur ouvert à l′inconnu
J'avais envie de dire bonjour
À n'importe qui
N′importe qui, et ce fut toi
Je t′ai dit n'importe quoi
Il suffisait de te parler
Pour t′apprivoiser

Aux Champs-Élysées
Aux Champs-Élysées
Au soleil, sous la pluie
À midi ou à minuit
Il y a tout c'que vous voulez
Aux Champs-Élysées


Tu m′as dit ""j'ai rendez-vous""
Dans un sous-sol avec des fous
Qui vivent la guitare à la main
Du soir au matin
Alors je t′ai accompagnée
On a chanté, on a dansé
Et l'on n'a même pas pensé
À s′embrasser

Aux Champs-Élysées
Aux Champs-Élysées
Au soleil, sous la pluie
À midi ou à minuit
Il y a tout ce que vous voulez
Aux Champs-Élysées

Hier soir deux inconnus
Et ce matin sur l′avenue
Deux amoureux tout étourdis
Par la longue nuit
Et de l'Étoile à la Concorde
Un orchestre à 1 000 cordes
Tous les oiseaux du point du jour
Chantent l′amour

Aux Champs-Élysées
Aux Champs-Élysées
Au soleil, sous la pluie
À midi ou à minuit
Il y a tout ce que vous voulez
Aux Champs-Élysées

Aux Champs-Élysées
Aux Champs-Élysées
Au soleil, sous la pluie
À midi ou à minuit
Il y a tout ce que vous voulez
Aux Champs-élysées
Aux Champs-élysées
Aux Champs-élysées"
Elle a les yeux revolver,Marc Lavoine,"Un peu spéciale, elle est célibataire
Le visage pâle, les cheveux en arrière
Et j'aime ça
Elle se dessine sous des jupes fendues
Et je devine des histoires défendues
C'est comme ça
Tellement si belle quand elle sort
Tellement si belle, je l'aime tellement si fort
Elle a les yeux revolver
Elle a le regard qui tue
Elle a tiré la première
M'a touché, c'est foutu
Elle a les yeux revolver
Elle a le regard qui tue
Elle a tiré la première
Elle m'a touché, c'est foutu
Un peu larguée, un peu seule sur la terre
Les mains tendues, les cheveux en arrière
Et j'aime ça
À faire l'amour sur des malentendus
On vit toujours des moments défendus
C'est comme ça
Tellement si femme quand elle mord
Tellement si femme, je l'aime tellement si fort
Elle a les yeux revolver
Elle a le regard qui tue
Elle a tiré la première
M'a touché, c'est foutu
Elle a les yeux revolver
Elle a le regard qui tue
Elle a tiré la première
Elle m'a touché, c'est foutu
Son corps s'achève sous des draps inconnus
Et moi je rêve de gestes défendus
C'est comme ça
Un peu spéciale, elle est célibataire
Le visage pâle, les cheveux en arrière
Et j'aime ça
Tellement si femme quand elle dort
Tellement si belle, je l'aime tellement si fort
Elle a les yeux revolver
Elle a le regard qui tue
Elle a tiré la première
M'a touché, c'est foutu
Elle a les yeux revolver
Elle a le regard qui tue
Elle a tiré la première
Elle m'a touché, c'est foutu"
Le Chant des Sirènes,Fréro Delavega,"Enfants des parcs, gamins des plages
Le vent menace les châteaux de sable, façonnés de mes doigts
Le temps n'épargne personne, hélas
Les années passent, l'écho s'évade sur la Dune du Pyla
Au gré des saisons, des photomatons
Je m'abandonne à ces lueurs d'autrefois
Au gré des saisons, des décisions, je m'abandonne
Quand les souvenirs s'en mêlent, les larmes me viennent
Et le chant des sirènes me replonge en hiver
Oh, mélancolie cruelle, harmonie fluette, euphorie solitaire
Ta-dada-dan, ta-dada-da
Ta-dada-dan, ta-dada-da
Combien de farces, combien de frasques
Combien de traces, combien de masques
Avons-nous laissé là-bas
Poser les armes, prendre le large
Trouver le calme dans ce vacarme avant que je ne m'y noie
Au gré des saisons, des photomatons
Je m'abandonne à ces lueurs d'autrefois
Au gré des saisons, des décisions, je m'abandonne
Quand les souvenirs s'en mêlent, les larmes me viennent
Et le chant des sirènes me replonge en hiver
Oh, mélancolie cruelle, harmonie fluette, euphorie solitaire
Oh-oh
Quand les souvenirs s'en mêlent, les larmes me viennent
Et le chant des sirènes me replonge en hiver
Oh, mélancolie cruelle, harmonie fluette, euphorie solitaire
Quand les souvenirs s'en mêlent, les larmes me viennent
Et le chant des sirènes me replonge en hiver
Oh, mélancolie cruelle, harmonie fluette, euphorie solitaire
Ta-dada-dan, ta-dada-da
Ta-dada-dan, ta-dada-da
Tadalalala, tadalalala
Tadalalala, tadalala"
La Seine,Vanessa Paradis,"Elle sort de son lit, tellement sûre d′elle
La Seine, la Seine, la Seine
Tellement jolie, elle m'ensorcelle
La Seine, la Seine, la Seine

Extralucide, la Lune est sur
La Seine, la Seine, la Seine
Tu n′es pas saoul, Paris est sous
La Seine, la Seine, la Seine

Je ne sais, ne sais, ne sais pas pourquoi
On s'aime comme ça, la Seine et moi
Je ne sais, ne sais, ne sais pas pourquoi
On s'aime comme ça, la Seine et moi

Extra Lucille quand tu es sur
La scène, la scène, la scène
Extravagante quand l′ange est sur
La scène, la scène, la scène


Je ne sais, ne sais, ne sais pas pourquoi
On s′aime comme ça, la Seine et moi
Je ne sais, ne sais, ne sais pas pourquoi
On s'aime comme ça, la Seine et moi

Sur le Pont des Arts (mon cœur vacille)
Entre deux eaux (l′air est si bon)
Cet air si pur (je le respire)
Nos reflets perchés (sur ce pont)

Tu lu, ti, luti
Tu lu, ti, luti
On s'aime comme ça, la Seine et moi

Tu lu, ti, luti
Tu lu, ti, luti
On s′aime comme ça, la Seine et moi

Tu lu, ti, luti
Tu lu, ti, luti
On s'aime comme ça, la Seine et moi

Tu lu, ti, luti
Tu lu, ti, luti
On s′aime comme ça, la Seine et moi"
Pour que tu m aimes encore,Céline Dion,"J′ai compris tous les mots
J'ai bien compris, merci
Raisonnable et nouveau
C′est ainsi par ici
Que les choses ont changé
Que les fleurs ont fané
Que le temps d'avant
C'était le temps d′avant
Que si tout zappe et lasse
Les amours aussi passent
Il faut que tu saches


J′irai chercher ton cœur
Si tu l'emportes ailleurs
Même si dans tes danses
D′autres dansent tes heures
J'irai chercher ton âme
Dans les froids, dans les flammes
Je te jetterai des sorts
Pour que tu m′aimes encore
Pour que tu m'aimes encore

Fallait pas commencer
M′attirer, me toucher
Fallait pas tant donner
Moi, je sais pas jouer
On me dit qu'aujourd'hui
On me dit que les autres font ainsi
Je ne suis pas les autres, non, non, non
Avant que l′on s′attache
Avant que l'on se gâche
Je veux que tu saches

J′irai chercher ton cœur
Si tu l'emportes ailleurs
Même si dans tes danses
D′autres dansent tes heures
J'irai chercher ton âme
Dans les froids, dans les flammes
Je te jetterai des sorts
Pour que tu m′aimes encore

Je trouverai des langages
Pour chanter tes louanges
Je ferai nos bagages
Pour d'infinies vendanges
Les formules magiques
Des marabouts d'Afrique
Je les dirai sans remords
Pour que tu m′aimes encore

Je m′inventerai reine
Pour que tu me retiennes
Je me ferai nouvelle
Pour que le feu reprenne
Je deviendrai ces autres
Qui te donnent du plaisir
Vos jeux seront les nôtres
Si tel est ton désir
Plus brillante, plus belle
Pour une autre étincelle
Je me changerai en or
Pour que tu m'aimes encore
Pour que tu m′aimes encore

Pour que tu m'aimes encore
Pour que tu m′aimes encore
Pour que tu m'aimes encore
Pour que tu m′aimes, pour que tu m'aimes
Pour que tu m'aimes encore, encore
Pour que tu m′aimes encore
Pour que tu m′aimes encore
"
Je te promets,Johnny Hallyday,"Je te promets le sel au baiser de ma bouche
Je te promets le miel à ma main qui te touche
Je te promets le ciel au dessus de ta couche
Des fleurs et des dentelles pour que tes nuits soient douces
Je te promets la clé des secrets de mon âme
Je te promets la vie de mes rires à mes larmes
Je te promets le feu à la place des armes
Plus jamais des adieux rien que des au-revoirs

J′y crois comme à la terre, j'y crois comme au soleil
J′y crois comme un enfant, comme on peut croire au ciel
J'y crois comme à ta peau, à tes bras qui me serrent
J'te promets une histoire différente des autres
J′ai tant besoin d′y croire encore


Je te promets des jours tout bleus comme tes veines
Je te promets des nuits rouges comme tes rêves
Des heures incandescentes et des minutes blanches
Des secondes insouciantes au rythme de tes hanches
Je te promets mes bras pour porter tes angoisses
Je te promets mes mains pour que tu les embrasses
Je te promets mes yeux si tu ne peux plus voir
J'te promets d′être heureux si tu n'as plus d′espoir

J'y crois comme à la terre, j′y crois comme au soleil
J'y crois comme un enfant, comme on peut croire au ciel
J'y crois comme à ta peau, à tes bras qui me serrent
J′te promets une histoire différente des autres
Si tu m′aides à y croire encore

Et même si c'est pas vrai, si on te l′a trop fait
Si les mots sont usés, comme écrits à la craie
On fait bien des grands feux en frottant des cailloux
Peut-être avec le temps à la force d'y croire
On peut juste essayer pour voir

Et même si c′est pas vrai, même si je mens
Si les mots sont usés, légers comme du vent
Et même si notre histoire se termine au matin
J'te promets un moment de fièvre et de douceur
Pas toute la vie mais quelques heures

Je te promets le sel au baiser de ma bouche
Je te promets le miel à ma main qui te touche
Je te promets le ciel au dessus de ta couche
Des fleurs et des dentelles pour que tes nuits soient douces
"
Dommage,Bigflo & Oli,"Louis prend son bus, comme tous les matins
Il croisait cette même fille, avec son doux parfum
Qu'elle vienne lui parler, il espère tous les jours
Ce qu'il ressent au fond d'lui, c'est ce qu'on appelle l'amour
Mais Louis, il est timide et elle, elle est si belle
Il ne veut pas y aller, il est collé au fond d'son siège
Une fois elle lui a souri quand elle est descendue
Et depuis ce jour là, il ne l'a jamais revue

Ah il aurait dû y aller, il aurait dû le faire, crois-moi
On a tous dit : ""Ah c'est dommage, ah c'est dommage, c'est p't'être la dernière fois""

Yasmine a une belle voix, elle sait qu'elle est douée
Dans la tempête de sa vie, la musique est sa bouée
Face à ses mélodies, le monde est à ses pieds
Mais son père lui répétait: ""Trouve-toi un vrai métier""
Parfois elle s'imagine sous la lumière des projecteurs
Sur la scène à recevoir les compliments et les jets de fleurs
Mais Yasmine est rouillée, coincée dans la routine
Ça lui arrive de chanter quand elle travaille à l'usine

Ah elle aurait dû y aller, elle aurait dû le faire, crois-moi
On a tous dit : ""Ah c'est dommage, ah c'est dommage, c'est p't'être la dernière fois""
Ah elle aurait dû y aller, elle aurait dû le faire, crois-moi
On a tous dit : ""Ah c'est dommage, ah c'est dommage, c'est p't'être la dernière fois""

Diego est affalé au fond du canapé
Il engueule son p'tit frère quand il passe devant la télé
Ses amis sont sortis, il ne les a pas suivis
Comme souvent seule la Lune viendra lui tenir compagnie
Diego est triste il ne veut rien faire de sa nuit
Il déprime de ne pas trouver la femme de sa vie
Mais mon pauvre Diego, tu t'es tellement trompé
C'était à cette soirée que t'allais la rencontrer


Ah il aurait dû y aller, il aurait dû le faire, crois-moi
On a tous dit : ""Ah c'est dommage, ah c'est dommage, c'est p't'être la dernière fois""

Pauline elle est discrète, elle oublie qu'elle est belle
Elle a sur tout le corps des tâches de la couleur du ciel
Son mari rentre bientôt, elle veut même pas y penser
Quand il lui prend le bras, c'est pas pour la faire danser
Elle repense à la mairie, cette décision qu’elle a prise
A cet après midi où elle avait fait sa valise
Elle avait un avenir, un fils à élever
Après la dernière danse, elle s'est pas relevée

Ah elle aurait dû y aller, elle aurait dû le faire, crois-moi
On a tous dit : ""Ah c'est dommage, ah c'est dommage, c'est p't'être la dernière fois""
On a tous dit : ""Ah c'est dommage, ah c'est dommage, ah c'est dommage, ah c'est dommage""
On a tous dit : ""Ah c'est dommage, ah c'est dommage, ah c'est dommage, ah c'est dommage""

Ah elle aurait dû y aller, elle aurait dû le faire, crois-moi
On a tous dit : ""Ah c'est dommage, ah c'est dommage, c'est p't'être la dernière fois""
Ah elle aurait dû y aller, elle aurait dû le faire, crois-moi
On a tous dit : ""Ah c'est dommage, ah c'est dommage, c'est p't'être la dernière fois""

Vaut mieux vivre avec des remords qu'avec des regrets
Vaut mieux vivre avec des remords qu'avec des regrets
Vaut mieux vivre avec des remords qu'avec des regrets
Vaut mieux vivre avec des remords c'est ça le secret"
L Aventurier,Indochine,"Égaré dans la vallée infernale
Le héros s'appelle Bob Morane
À la recherche de l'Ombre Jaune
Le bandit s'appelle mister Kali Jones
Avec l'ami Bill Ballantine
Sauvé de justesse des crocodiles
Stop au trafic des Caraïbes
Escale dans l'opération Nadawieb
Le cœur tendre dans le lit de Miss Clark
Prisonnière du Sultan de Jarawak
En pleine terreur à Manicouagan
Isolé dans la jungle birmane
Emprisonnant les flibustiers
L'ennemi y est démasqué
On a volé le collier de Civa
Le Maharadjah en répondra
Et soudain surgit face au vent
Le vrai héros de tous les temps
Bob Morane contre tout chacal
L'aventurier contre tout guerrier
Bob Morane contre tout chacal
L'aventurier contre tout guerrier
Dérivant à bord du Sampang
L'aventure au parfum d'Ylalang
Son surnom, Samouraï du Soleil
En démantelant le gang de l'Archipel
L'otage des guerriers du Doc Xhatan
Il s'en sortira toujours à temps
Tel L'aventurier solitaire
Bob Morane est le roi de la terre
Et soudain surgit face au vent
Le vrai héros de tous les temps
Bob Morane contre tous chacal
L'aventurier contre tout guerrier
Bob Morane contre tout chacal
L'aventurier contre tout guerrier"
Bella,GIMS,"Bella, Bella
Bella, Bella
Bella, Bella
Bella, Bella

Elle répondait au nom de Bella
Les gens du coin ne voulaient pas la cher-lâ
Elle faisait trembler tous les villages
Les gens me disaient: Méfie-toi d'cette fille-là

Elle répondait au nom de Bella
Les gens du coin ne voulaient pas la cher-lâ
Elle faisait trembler tous les villages
Les gens me disaient: Méfie-toi d'cette fille-là

C'était un phénomène, elle n'était pas humaine
Le genre de femme qui change le plus grand délinquant en gentleman
Une beauté sans pareille, tout le monde veut s'en emparer
Sans savoir qu'elle les mène en bateau
Hypnotisés, on pouvait tout donner
Elle n'avait qu'à demander, puis aussitôt on démarrait
On cherchait à l'impressionner, à devenir son préféré
Sans savoir qu'elle les mène en bateau
Mais quand je la vois danser le soir
J'aimerais devenir la chaise sur laquelle elle s'assoit
Ou moins que ça, un moins que rien
Juste une pierre sur son chemin

Elle répondait au nom de Bella
Les gens du coin ne voulaient pas la cher-lâ
Elle faisait trembler tous les villages
Les gens me disaient: Méfie-toi d'cette fille-là

Elle répondait au nom de Bella
Les gens du coin ne voulaient pas la cher-lâ
Elle faisait trembler tous les villages
Les gens me disaient: Méfie-toi d'cette fille-là

Oui, c'est un phénomène qui aime hanter nos rêves
Cette femme était nommée ""Bella la peau dorée""
Les femmes la haïssaient, toutes la jalousaient
Mais les hommes ne pouvaient que l'aimer
Elle n'était pas d'ici, ni facile, ni difficile
Synonyme de ""magnifique"", à ses pieds: que des disciples
Qui devenaient vite indécis, tremblants comme des feuilles
Elle te caressait sans même te toucher
Mais quand je la vois danser le soir
J'aimerais devenir la chaise sur laquelle elle s'assoit
Ou moins que ça, un moins que rien
Juste une pierre sur son chemin

Elle répondait au nom de Bella
Les gens du coin ne voulaient pas la cher-lâ
Elle faisait trembler tous les villages
Les gens me disaient: Méfie-toi d'cette fille-là

Elle répondait au nom de Bella
Les gens du coin ne voulaient pas la cher-lâ
Elle faisait trembler tous les villages
Les gens me disaient: Méfie-toi d'cette fille-là

Allez, fais-moi tourner la tête, hé hé
Tourner la tête, hé hé
Rends-moi bête comme mes ieds-p', hé hé
Bête comme mes ieds-p', hé hé
J'suis l'ombre de ton ien-ch', hé hé
L'ombre de ton ien-ch', hé hé
Fais-moi tourner la tête, hé hé
Tourner la tête, hé hé
Fais-moi tourner la tête, hé hé
Tourner la tête, hé hé
Rends-moi bête comme mes ieds-p', hé hé
Bête comme mes ieds-p', hé hé
J'suis l'ombre de ton ien-ch', hé hé
L'ombre de ton ien-ch', hé hé
Fais-moi tourner la tête, hé hé
Tourner la tête, hé hé

Elle répondait au nom de Bella
Les gens du coin ne voulaient pas la cher-lâ
Elle faisait trembler tous les villages
Les gens me disaient: Méfie-toi d'cette fille-là

Elle répondait au nom de Bella
Les gens du coin ne voulaient pas la cher-lâ
Elle faisait trembler tous les villages
Les gens me disaient: Méfie-toi d'cette fille-là

Elle répondait au nom de Bella
Les gens du coin ne voulaient pas la cher-lâ
Elle faisait trembler tous les villages
Les gens me disaient: Méfie-toi d'cette fille-là

Elle répondait au nom de Bella
Les gens du coin ne voulaient pas la cher-lâ
Elle faisait trembler tous les villages
Les gens me disaient: Méfie-toi d'cette fille-là"
Charles Aznavour,À tout jamais,"Quand nous aurons fermé les yeux
À tout jamais, à tout jamais
À l'instant du dernier adieu
J'en aurai encore du regret

J'en aurai encore du remords
Et partirai avec ma peine
Et pour peu que je me souvienne
Ce mal n'en sera que plus fort

Car nous avons fermé nos coeurs
À tout jamais, à tout jamais
Pour remplacer tant de bonheur
Par du chagrin et des regrets

Lorsque les siècles bout à bout
À tout jamais, à tout jamais
Aurons mis le passé sur nous
Et que l'oubli sera complet

S'il reste encore une lueur
S'il reste encore un rien de flamme
Sous la cendre tiède de l'âme
Qui paraît-il jamais ne meurt

Pour trouver le calme infini
À tout jamais, à tout jamais
Tout comme au temps de notre vie
Mon amour, je te chercherai

T'appellerai
Te trouverai
Te garderai
À tout jamais"
"Ella, elle l' a",France Gall,"C'est comme une gaieté, comme un sourire
Quelque chose dans la voix qui paraît nous dire ""Viens""
Qui nous fait sentir étrangement bien
C'est comme toute l'histoire du peuple noir
Qui se balance entre l'amour et le désespoir
Quelque chose qui danse en toi
Si tu l'as, tu l'as
Ella, elle l'a
Hou hou houhou hou houhou
Ce j'n'sais quoi
Hou hou houhou hou houhou
Que d'autres n'ont pas
Qui nous met dans un drôle d'état
Ella, elle l'a
Ella, elle l'a (elle l'a)
Houhou houhou hou houhou
Cette drôle de voix (elle l'a)
Hou hou houhou hou houhou
Cette drôle de joie
Ce don du ciel qui la rend belle
Ella, elle l'a
Ella, elle l'a (elle l'a)
Houhou houhou hou houhou
Ella, elle l'a (elle l'a)
Houhou houhou hou houhou
Elle a
Ce tout petit supplément d'âme
Cet indéfinissable charme
Cette petite flamme
Tape sur des tonneaux, sur des pianos
Sur tout ce que Dieu peut te mettre entre les mains
Montre ton rire ou ton chagrin
Mais que tu n'aies riens, que tu sois roi
Que tu cherches encore les pouvoirs qui dorment en toi
Tu vois ça ne s'achète pas
Quand tu l'as, tu l'as
Ella, elle l'a
Houhou houhou hou houhou
Ce j'n'sais quoi
Houhou houhou hou houhou
Que d'autres n'ont pas
Qui nous met dans un drôle d'état
Ella, elle l'a
Ella, elle l'a (elle l'a)
Houhou houhou hou houhou
Ella, elle l'a (elle l'a)
Houhou houhou hou houhou
Ella, elle l'a
Ella, elle l'a
Ella, elle l'a
Ella, elle l'a
Ella, elle l'a
Ella, elle l'a
Ella, elle l'a
Houhou houhou hou houhou
Ce j'n'sais quoi
Que d'autres n'ont pas
Qui nous met dans un drôle d'état
Ella, elle l'a (elle l'a)
Ella, elle l'a
Houhou houhou hou houhou
Cette drôle de voix
Cette drôle de joie
Ce don du ciel qui la rend belle
Ella, elle l'a (elle l'a)
Ella, elle l'a
Houhou houhou hou houhou
Ella, elle l'a
Ella, elle l'a
Qui nous met dans un drôle d'état"
Bruxelles je t'aime,Angèle,"On n'a pas les tours de New York
On n'a pas de lumière du jour, 6 mois dans l'année
On n'a pas Beaubourg ni la Seine
On n'est pas la ville de l'amour, mais bon vous voyez
Et sûrement que dès ce soir le ciel couvrira une tempête
Mais après l'orage avec des bières, les gens feront la fête
Bruxelles je t'aime, Bruxelles je t'aime
Tu m'avais manqué
Bruxelles je t'aime, Bruxelles je t'aime
T'es ma préférée
Bruxelles je t'aime, Bruxelles je t'aime
Tu m'avais manqué
T'es la plus belle, oui t'es la plus belle
Paris m'appelle quand je veux rentrer chez moi
Quand le ciel gris et la pluie me manquent, je vais mieux quand je te vois
Les villes sont belles mais moi je ne pense qu'à toi
Quand mon pays et ma ville me manquent, moi je ne t'oublie pas
On n'a pas la plus longue de toutes les histoires
On le sait on n'a pas toujours gagné
Et d'habitude, j'ai l'attitude, même si c'est dur, de garder espoir
Quand on n'est pas les premiers
Les Marolles, Flagey, Saint-Gilles, Laeken à qui je dois mon nom
Bruxelles je t'aime, Bruxelles je t'aime
Tu m'avais manqué
Bruxelles je t'aime, Bruxelles je t'aime
T'es ma préférée
Bruxelles je t'aime, Bruxelles je t'aime
Tu m'avais manqué
T'es la plus belle, oui, t'es la plus belle
Paris m'appelle quand je veux rentrer chez moi
Quand le ciel gris et la pluie me manquent, je vais mieux quand j'te vois
Les villes sont belles mais moi je ne pense qu'à toi
Quand mon pays et ma ville me manquent, moi, je ne t'oublie pas
Et si un jour elle se sépare et qu'on ait à choisir un camp
Ce serait le pire des cauchemars, tout ça pour une histoire de langue
J'ai vécu mes plus belles histoires en français et en flamand
Laat mij het zeggen in het Vlaams, dank u Brussel voor mijn naam
Et si un jour, elle se sépare et qu'on ait à choisir un camp
Ce serait le pire des cauchemars, tout ça pour une histoire de langue
J'ai vécu mes plus belles histoires en français et en flamand
Laat mij het zeggen in het Vlaams, dank u Brussel
Bruxelles je t'aime, Bruxelles je t'aime
Tu m'avais manqué
Bruxelles je t'aime, Bruxelles je t'aime
T'es ma préférée
Bruxelles je t'aime, Bruxelles je t'aime
Tu m'avais manqué
T'es la plus belle, oui, t'es la plus belle
Paris m'appelle quand je veux rentrer chez moi
Quand le ciel gris et la pluie me manquent, je vais mieux quand j'te vois
Les villes sont belles mais moi je ne pense qu'à toi
Quand mon pays et ma ville me manquent, moi, je ne t'oublie pas
Paris m'appelle quand je veux rentrer chez moi
Quand le ciel gris et la pluie me manquent, je vais mieux quand j'te vois
Les villes sont belles mais moi je ne pense qu'à toi
Quand mon pays et ma ville me manquent, moi, je ne t'oublie pas"
Un jour je marierai un ange,Pierre de Maere,"Docteur, un jour je marierai un ange
On fera l'amour dans les nuages
En priant pour que rien ne change
Tu sais, une histoire ancrée dans les âges
Docteur, un jour je marierai un ange
On fera l'amour dans les nuages
En priant pour que rien ne change
Ici, l'amour c'est beaucoup, beaucoup trop superficiel
On fait que te répéter un jour ""il tombera du ciel""
Et c'est toujours les mêmes discours
De belles paroles, bientôt vous serez à court
Aussitôt que le jour se lève
Je m'en vais faire un tour et je rêve
Que plus rien ne bouge sauf nos lèvres
Je m'élève, eh
Aussitôt que le jour se lève
Je m'en vais faire un tour et je rêve
D'un amour n'existant pas
Qui pourtant m'attristera
Docteur, un jour je marierai un ange
On fera l'amour dans les nuages
En priant pour que rien ne change
Tu sais, une histoire ancrée dans les âges
Docteur, un jour je marierai un ange
On fera l'amour dans les nuages
En priant pour que rien ne change, ne change
Ici, l'amour c'est beaucoup, beaucoup trop conceptuel
On fait que te répéter ""les hommes, les femmes sont si cruels""
Et c'est jamais comme au cinéma
Décidément on est moins beaux loin des caméras
Aussitôt que le jour se lève
Je m'en vais faire un tour et je rêve
Que plus rien ne bouge sauf nos lèvres
Je m'élève, eh
Aussitôt que le jour se lève
Je m'en vais faire un tour et je rêve
D'un amour n'existant pas
Qui pourtant m'attristera
Docteur, un jour je marierai un ange
On fera l'amour dans les nuages
En priant pour que rien ne change
Tu sais, une histoire ancrée dans les âges
Docteur, un jour je marierai un ange
On fera l'amour dans les nuages
En priant pour que rien ne change, ne change
(Docteur, un jour je marierai un ange
On fera l'amour dans les nuages
En priant pour que rien ne change
Docteur, un jour je marierai un ange
On fera l'amour dans les nuages)"
Casser la voix,Patrick Bruel,"Si ce soir, j'ai pas envie d'rentrer tout seul
Si ce soir, j'ai pas envie d'rentrer chez moi
Si ce soir, j'ai pas envie d'fermer ma gueule
Si ce soir, j'ai envie d'me casser la voix
Casser la voix
Casser la voix
Casser la voix
Casser la voix
J'peux plus croire tout c'qui est marqué sur les murs
J'peux plus voir, la vie des autres même en peinture
J'suis pas là pour les sourires d'après minuit
M'en veux pas, si ce soir, j'ai envie
Casser la voix
Casser la voix
Casser la voix
Casser la voix
Les amis qui s'en vont et les autres qui restent
Se faire prendre pour un con par des gens qu'on déteste
Les rendez-vous manqués et le temps qui se perd
Entre des jeunes usés et des vieux qui espèrent
Et ces flashes qui aveuglent à la télé', chaque jour
Et les salauds qui beuglent la couleur de l'amour
Et les journaux qui traînent, comme je traîne mon ennui
La peur qui est la mienne quand je m'réveille la nuit
Casser la voix
Casser la voix
Casser la voix
Casser la voix
Et les filles de la nuit qu'on voit jamais le jour
Et qu'on couche dans son lit en appelant ça d'l'amour
Et les souvenirs honteux qu'on oublie d'vant sa glace
En s'disant, j'suis dégueu, mais j'suis pas dégueulasse
Doucement les rêves qui coulent sous l'regard des parents
Et les larmes qui roulent sur les joues des enfants
Et les chansons qui viennent comme des cris dans la gorge
Envie d'crier sa haine comme un chat qu'on égorge
Casser la voix
Casser la voix
Casser la voix
Casser la voix
Si ce soir, j'ai pas envie d'rentrer tout seul
Si ce soir, j'ai pas envie d'rentrer chez moi
Si ce soir, j'ai pas envie d'fermer ma gueule
Si ce soir, j'ai envie d'me casser la voix
Casser la voix"
Crush,Nuit Incolore,"J'suis totalement moi quand j'suis à moitié moi
J'accumule les soirées
Je n'les lie plus aux matins
Je peindrai le ciel avec le rouge de ton cœur
Je remplirai la mer avec le goût de mes pleurs
J'suis en enfer et contre toutes
Dans mes souvenirs, goutte à goutte
Les murs m'appellent, l'amour m'redoute
Et même à Paris au mois d'août
Mes mains pleines de caresses
Ont d'la peine et se dessèchent
D'un ""je t'aime"", j'suis en carence
Mes songes saignent sans âme sœur
J'sais pas comment t'le dire
J'ai beau me l'interdire
J'sais pas comment t'le dire
Mais j'ai un crush sur toi
Mon cœur accroche sur toi
Et tu n'le sais même pas
Je n'attends rien de toi
T'habites trop loin de moi
Mais l'dire fait contrepoids
La distance est un démon
Captif d'une fiction
À l'aide, besoin d'remède, yeah
Je retourne le monde et je vagabonde
À l'aide, ton être m'obsède
Je me retrouve emporté par la foudre
Tout c'que j'éprouve, je le nie loin des autres
C'est pas d'ma faute si j'me sens vide
Le cœur en poudre a besoin d'amour liquide
Les yeux humides quand le soir se consolide
Ça m'hypnotise mais l'histoire se réalise
Sous ma gorge brûle une forge
Qui me damne à t'aimer jusqu'en enfer
Coup d'Jupiter, faut qu'il s'abrège
Faut qu'il s'abrège
C'n'est pas le miroir qui est sale
C'est l'reflet d'mon âme
Dans une rafale, je ne t'ai plus qu'en image
J'sais pas comment t'le dire
J'ai beau me l'interdire
J'sais pas comment t'le dire
Mais j'ai un crush sur toi
Mon cœur accroche sur toi
Et tu n'le sais même pas
Je n'attends rien de toi
T'habites trop loin de moi
Mais l'dire fait contrepoids
La distance est un démon
Captif d'une fiction
À l'aide, besoin d'remède, yeah
Je retourne le monde et je vagabonde
À l'aide, ton être m'obsède
Je m'y accroche encore (encore)
C'est mon seul réconfort
J'ai un crush sur toi
Mon cœur accroche sur toi
Et tu n'le sais même pas
Je n'attends rien de toi
T'habites trop loin de moi
Mais l'dire fait contrepoids
La distance est un démon
Captif d'une fiction
À l'aide, besoin d'remède, yeah
Je retourne le monde et je vagabonde
À l'aide, ton être m'obsède
J'ai un crush sur toi
Mon cœur accroche sur toi
Et tu n'le sais même pas
Je n'attends rien de toi
T'habites trop loin de moi
Mais l'dire fait contrepoids"
Je me déteste,Nuit Incolore,"Tous mes coups de cœur ont des goûts de pleurs
Les feux d'artifice ressortent loin des lueurs
Les vautours m'effleurent quand l'esprit se meurt
Je m'en vais retrouver couleur quelque part ailleurs
Je suis né pour décevoir
Porte-parole du désespoir
Je vise la moyenne pour ne pas être différent
Je fréquente les âmes en peine pour braver l'ouragan
Je glisse mes songes sous l'oreiller
Évitons de les réveiller
J'veux être apprécié par au moins quelques étoiles
Je désire que l'on m'espère comme un dernier pétale
Et tout en bas
Soyez heureux
Sans moi (sans moi)
Je me déteste encore
Je nous déteste jusqu'à la mort
Je me déteste encore
Je nous déteste jusqu'à la mort
La noirceur coule à flots loin des regards
Je m'y baigne souvent sans en prendre garde
Je souris à contresens quand on me dit ""prends soin de toi""
J'apprécie enfin le silence quand le vide m'embrasse
Je joue toujours à tout sans vraiment m'amuser
Je n'assume pas ma présence, je ne fais que de m'excuser
Pardonnez-moi si je ne suis pas ce gars
Qui plaît en vendant des rêves au bon endroit
Je veux plus essayer
J'ai la face bien trop souillée
Je recherche mon aimant qui m'aimera profondément
Évidemment qu'avidement, j'ai envie d'amante
Et tout en bas
Soyez heureux
Sans moi (sans moi)
Je me déteste encore
Je nous déteste jusqu'à la mort
Je me déteste encore
Je nous déteste jusqu'à la mort
Confidence
Ce ne sont que des confidences
Je n'ai plus envie de danser ce soir
Je me suis déjà ancré dans certaines mémoires
Mais pourquoi ça recommence
Les temps mauvais recommencent
À jamais, je fermerai le regard
À mon enterrement, je ne serai pas en retard
(pas en retard)
Je me déteste encore
Je nous déteste jusqu'à la mort
Je me déteste encore
Je nous déteste jusqu'à la mort"
Loin,Nuit Incolore,"J'ai fait l'serment d'être utile à tout l'monde
Et d'croire les gens jusqu'à c'que le ciel tombe
J'suis déchiré en un double fragment
Me rassembler ne serait que ma tombe
Je me déplais tous les mois
Sans en sortir une plainte
Et quand j'use de ma voix
C'est pour laisser des empreintes
Aujourd'hui, chacun est roi
Dans un royaume familial
Je n'le mérite pas
Car j'ai l'coeur un peu trop seul
Et doucement, je mets en veille le temps
Puis je pense
À ceux qui dorment encore avec des rêves
Mais pourquoi je me sens si loin
Je m'abandonne dans l'éternité
M'a-t-on une seule fois désiré
J'me sens si loin
Je m'abandonne dans l'éternité
M'a-t-on une seule fois désiré
J'ai l'image fictive de nous deux
Un petit peu dénudés
Et dénué d'postérité
C'est pourtant ça la vérité
J'suis dans des bras
Sans lendemain
Je pleure tout bas
J'ai peur de ce qu'il pourrait advenir de moi
J'm'invente des souvenirs
Pour tuer le temps et me perdre comme avant
Je cherche à me relire
Mais je m'fais emporter par le vent
J'suis le fantôme d'un enfant
Et doucement, je mets en veille le temps
Puis je pense
À ceux qui dorment encore avec des rêves
Mais pourquoi je me sens si loin
Je m'abandonne dans l'éternité
M'a-t-on une seule fois désiré
J'me sens si loin
Je m'abandonne dans l'éternité
M'a-t-on une seule fois désiré
Au fond, je n'suis plus là
Je n'suis plus là pour moi
J'me sens si loin
Je m'abandonne dans l'éternité
M'a-t-on une seule fois désiré
J'me sens si loin
Je m'abandonne dans l'éternité
M'a-t-on une seule fois désiré"
Voilà,Barbara Pravi,"Écoutez moi
Moi la chanteuse à demi
Parlez de moi
À vos amours, à vos amis
Parler leur de cette fille aux yeux noirs et de son rêve fou
Moi c'que j'veux c'est écrire des histoires qui arrivent jusqu'à vous
C'est tout
Voilà, voilà, voilà, voilà qui je suis
Me voilà même si mise à nue j'ai peur, oui
Me voilà dans le bruit et dans le silence
Regardez moi, ou du moins ce qu'il en reste
Regardez moi, avant que je me déteste
Quoi vous dire, que les lèvres d'une autre ne vous diront pas
C'est peu de chose mais moi tout ce que j'ai je le dépose là, voilà
Voilà, voilà, voilà, voilà qui je suis
Me voilà même si mise à nue c'est fini
C'est ma gueule c'est mon cri, me voilà tant pis
Voilà, voilà, voilà, voilà juste ici
Moi mon rêve mon envie, comme j'en crève comme j'en ris
Me voilà dans le bruit et dans le silence
Ne partez pas, j'vous en supplie restez longtemps
Ça m'sauvera peut-être pas, non
Mais faire sans vous j'sais pas comment
Aimez moi comme on aime un ami qui s'en va pour toujours
J'veux qu'on m'aime parce que moi je sais pas bien aimer mes contours
Voilà, voilà, voilà, voilà qui je suis
Me voilà même si mise à nue c'est fini
Me voilà dans le bruit et dans la fureur aussi
Regardez moi enfin et mes yeux et mes mains
Tout c'que j'ai est ici, c'est ma gueule c'est mon cri
Me voilà, me voilà, me voilà
Voilà, voilà, voilà, voilà
Voilà"
Valses de Vienne,François Feldman,"Du pont des supplices
Tombent les actrices
Et dans leurs yeux chromés
Le destin s'est brouillé
Au café de Flore
La faune et la flore
On allume le monde
Dans une fumée blonde
Maintenant que deviennent
Que deviennent les valses de Vienne?
Dis-moi qu'est-ce que t'as fait
Pendant ces années?
Si les mots sont les mêmes
Dis-moi si tu m'aimes
Maintenant que deviennent
Que deviennent les valses de Vienne?
Et les volets qui grincent
D'un château de province?
Aujourd'hui, quand tu danses
Dis, à quoi tu penses?
Dans la Rome antique
Errent les romantiques
Les amours infidèles
S'écrivent sur logiciels
Du fond de la nuit
Remontent l'ennui
Et nos chagrins de mômes
Dans les pages du Grand Meaulnes
Maintenant que deviennent
Que deviennent les valses de Vienne?
Dis-moi qu'est-ce que t'as fait
Pendant ces années?
Si les mots sont les mêmes
Dis-moi si tu m'aimes
Maintenant que deviennent
Que deviennent les valses de Vienne?
Et les volets qui grincent
D'un château de province?
Aujourd'hui, quand tu danses
Dis, à quoi tu penses?
Maintenant que deviennent
Que deviennent les valses de Vienne?
Dis-moi qu'est-ce que t'as fait
Pendant ces années?
Si les mots sont les mêmes
Dis-moi si tu m'aimes, si tu m'aimes
Maintenant que deviennent
Que deviennent les valses de Vienne?
Et les volets qui grincent
D'un château de province?
Aujourd'hui, quand tu danses
Dis, à quoi tu penses? À quoi tu penses?
"
Vois sur ton chemin,Les Choristes,"Vois sur ton chemin
Gamins oubliés, égarés
Donne-leur la main
Pour les mener vers d'autres lendemains
Donne-leur la main
Pour les mener vers d'autres lendemains
Sens, au cœur de la nuit (au cœur de la nuit)
L'onde d'espoir, ardeur de la vie
Sentier de gloire (ardeur de la vie, de la vie)
Sentier de gloire, sentier de gloire
Bonheurs enfantins
Trop vite oubliés, effacés
Une lumière dorée brille sans fin
Tout au bout du chemin
Vite oubliés, effacés
Une lumière dorée brille sans fin
Sens, au cœur de la nuit (au cœur de la nuit)
(L'onde d'espoir) sens, au cœur de la nuit (au cœur de la nuit)
(L'onde d'espoir) sens, au cœur de la nuit (au cœur de la nuit)
(L'onde d'espoir) sens, au cœur de la nuit (au cœur de la nuit)
(L'onde d'espoir) sens, au cœur de la nuit (au cœur de la nuit)
(L'onde d'espoir) sens, au cœur de la nuit (au cœur de la nuit)
(L'onde d'espoir) sens, au cœur de la nuit (au cœur de la nuit)
(L'onde d'espoir) sens, au cœur de la nuit (au cœur de la nuit)
Sentier de gloire
Ardeur de la vie, de la vie
Sentier de gloire, sentier de gloire
Vois sur ton chemin
Gamins oubliés, égarés
Donne-leur la main
Pour les mener vers d'autres lendemains
Donne-leur la main
Pour les mener vers d'autres lendemains
Sens, au cœur de la nuit (au cœur de la nuit)
(L'onde d'espoir) sens, au cœur de la nuit (au cœur de la nuit)
(L'onde d'espoir) sens, au cœur de la nuit (au cœur de la nuit)
(L'onde d'espoir) sens, au cœur de la nuit (au cœur de la nuit)
(L'onde d'espoir) sens, au cœur de la nuit (au cœur de la nuit)
(L'onde d'espoir) sens, au cœur de la nuit (au cœur de la nuit)
(L'onde d'espoir) sens, au cœur de la nuit (au cœur de la nuit)
(L'onde d'espoir) sens, au cœur de la nuit (au cœur de la nuit)
Sentier de gloire
Vois sur ton chemin
Gamins oubliés, égarés
Donne-leur la main
Pour les mener vers d'autres lendemains
Donne-leur la main
Pour les mener vers d'autres lendemains
Sens, au cœur de la nuit (au cœur de la nuit)
L'onde d'espoir, ardeur de la vie
Sentier de-, sens, au cœur de la nuit (au cœur de la nuit)
L'onde d'espoir, ardeur de la vie"
Les démons de minuit,Images,"Rue déserte
Dernière cigarette
Plus rien ne bouge
Juste un bar qui éclaire le trottoir
D'un néon rouge
J'ai besoin
De trouver quelqu'un
J'veux pas dormir
Je cherche un peu de chaleur
À mettre dans mon cœur
Ils m'entraînent au bout de la nuit
Les démons de minuit
Ils m'entraînent jusqu'à l'insomnie
Les fantômes de l'ennui
Dans mon verre
Je regarde la mer
Qui se balance
J'veux un disque
De Funky Music
Il faut que ça danse
J'aime cette fille
Sur talons-aiguilles
Qui se déhanche
Ça met un peu de chaleur
Au fond de mon cœur
Ils m'entraînent au bout de la nuit
Les démons de minuit
Ils m'entraînent jusqu'à l'insomnie
Les fantômes de l'ennui
Ils m'entraînent au bout de la nuit
Les démons de minuit
Ils m'entraînent jusqu'à l'insomnie
Les fantômes de l'ennui
J'aime cette fille
Sur talons-aiguilles
Qui se déhanche
Ça met un peu de chaleur
Au fond de mon cœur
Ils m'entraînent au bout de la nuit
Les démons de minuit
Ils m'entraînent jusqu'à l'insomnie
Les fantômes de l'ennui
Ils m'entraînent au bout de la nuit
Les démons de minuit
Ils m'entraînent jusqu'à l'insomnie
Les fantômes de l'ennui
Ils m'entraînent au bout de la nuit
Les démons de minuit
Ils m'entraînent jusqu'à l'insomnie
Les fantômes de l'ennui"
Ramenez la coupe à la maison,,"Eh ça c'est Vegedream de Gagnoa
Casse la démarche comme Samuel, Samuel Umtiti
Casse la démarche comme Samuel, Samuel Umtiti
Casse la démarche comme Samuel, Samuel Umtiti
Casse la démarche comme Samuel, Samuel Umtiti
Et si y'a drah on peut toujours appeler Benjamin Mendy
Et si y'a drah on peut toujours appeler Benjamin Mendy
Ramenez la coupe à la maison
Allez les bleus, allez
20 ans après c'est le moment
Allez les bleus, allez
Ramenez la coupe à la maison
Allez les bleus, allez
20 ans après on est champion
Allez les bleus, allez
Qui contrôle le terrain? (Matuidi)
Blaise Matuidi, eh (Matuidi)
Avec lui on est serein (Matuidi)
Blaise Matuidi, eh (Matuidi)
Qui contrôle le terrain? (Matuidi)
Blaise Matuidi, eh (Matuidi)
Avec lui on est serein (Matuidi)
Blaise Matuidi, eh (Matuidi)
Passement de jambe, crochet à gauche, à droite
Kylian Mbappé
Accélération, virgule, petit-pont, frappe
Kylian Mbappé
J'sais plus si j'suis gaucher ou droitier
Je tire des deux pieds, Ousmane Dembélé
J'sais plus si j'suis gaucher ou droitier
Je tire des deux pieds, Ousmane Dembélé
Ramenez la coupe à la maison
Allez les bleus, allez
20 ans après c'est le moment
Allez les bleus, allez
Ramenez la coupe à la maison
Allez les bleus, allez
20 ans après on est champion
Allez les bleus, allez
Mais comment il s'appelle? Kanté
N'golo, N'golo Kanté
Mais comment il s'appelle? Kanté
N'golo, N'golo Kanté
Mais comment il s'appelle? Kanté
N'golo, N'golo Kanté
Comment il s'appelle? Kanté
N'golo, N'golo Kanté
Maestro Kimpembe, Kimpembe, Kimpembe, Kimpembe
Kimpembe, Kimpembe, Kimpembe
Le milieu est assuré
Attaquant, défense
Paulo, Paulo Paul Pogba
La Pioche Paulo, Paulo Paul Pogba
Ramenez la coupe à la maison
Allez les bleus, allez
20 ans après c'est le moment
Allez les bleus, allez
Ramenez la coupe à la maison
Allez les bleus, allez
20 ans après on est champion
Allez les bleus, allez
On est ensemble
Antoine Griezmann, pénalty
On est ensemble
On est ensemble
Nabil Fékir, Tolisso
On est ensemble
On est ensemble
Pavard, Ramy, Hernandez
On est ensemble
On est ensemble
Mandanda, Lloris, Sidibé
On est ensemble
On est ensemble
Olivier Giroud, Nzonzi
On est ensemble
Raphaël Varane, Flo' Thauvin
On est ensemble
Thomas Lemar, Areola
On est ensemble
Et ça c'est Vegedream de Gagnoa
Didier Deschamps, merci beaucoup
On est ensemble
On est ensemble"
Plus près des étoiles,Gold,"Ils ont quitté leurs terres
Leurs champs de fleurs et leurs livres sacrés
Traversés les rizières
Jusqu'au grand fleuve salé
Sans amour, sans un cri
Ils ont fermé leurs visages de miel
Les yeux mouillés de pluie
Les mains tendues vers le ciel
Un peu plus près des étoiles
Au jardin de lumière et d'argent
Pour oublier les rivages brûlants
Un peu plus près des étoiles
À l'abri des colères du vent
À peine un peu plus libres qu'avant
Au pied des murs de pierres
Ils ont brûlé leurs dragons de papier
Refermés leurs paupières
Sur les chenilles d'acier
Eux qui croyaient vieillir
En regardant grandir leurs enfants
À l'ombre du sourire
Des Bouddhas de marbre blanc
Un peu plus près des étoiles
Au jardin de lumière et d'argent
Pour oublier les rivages brûlants
Un peu plus près des étoiles
À l'abri des colères du vent
À peine un peu plus libres qu'avant
Ils parlent à demi-mots
À mi-chemin entre la vie et la mort
Et dans leurs yeux mi-clos
Du soleil, du soleil brille encore
Une île de lumière
Un cerf-volant s'est posé sur la mer
Un vent de liberté
Trop loin, trop loin pour les emporter
Un peu plus près des étoiles
Au jardin de lumière et d'argent
Pour oublier les rivages brûlants
Un peu plus près des étoiles
À l'abri des colères du vent
À peine un peu plus libres qu'avant
Un peu plus près des étoiles
Au jardin de lumière et d'argent
Pour oublier les rivages brûlants
Un peu plus près des étoiles
À l'abri des colères du vent
À peine un peu plus libres qu'avant
Un peu plus près des étoiles, au jardin
"
Nuit de Folie,Début de Soirée,"Y a pas de saison pour que vive la musique
Au fond, pas de saison pour que vive le son
En marchant tu donnes une cadence à tes pas
Tu sens la musique au bout de tes doigts
Tu dis que la vie qu'on t'a donnée est faite pour ça
Tant de choses grâce au son tu connaîtras
Ton cœur est un saphir de pick-up
On a trouvé des decibels dans ton check up
Et tu chantes, chantes, chantes ce refrain qui te plaît
Et tu tapes, tapes, tapes c'est ta façon d'aimer
Ce rythme qui t'entraîne jusqu'au bout de la nuit
Réveille en toi le tourbillon d'un vent de folie
Et tu chantes, chantes, chantes ce refrain qui te plaît
Et tu tapes, tapes, tapes c'est ta façon d'aimer
Ce rythme qui t'entraîne jusqu'au bout de la nuit
Réveille en toi le tourbillon d'un vent de folie
Tu danses le monde, musique américaine
La cadence du funk au plus haut t'emmène
Le tempo en délire, si ce soir il fait chaud
C'est qu'on monte nos mains vers le point le plus haut
Et tu chantes, chantes, chantes ce refrain qui te plaît
Et tu tapes, tapes, tapes c'est ta façon d'aimer
Ce rythme qui t'entraîne jusqu'au bout de la nuit
Réveille en toi le tourbillon d'un vent de folie
Et tu chantes, chantes, chantes ce refrain qui te plaît
Et tu tapes, tapes, tapes c'est ta façon d'aimer
Ce rythme qui t'entraîne jusqu'au bout de la nuit
Réveille en toi le tourbillon d'un vent de folie
Toi qui dessines au fond de ton ennui les notes d'une mélodie
Une musique sans accord majeur, c'est une piste sans danseur
Mais si tu ranges dans ces moments-là dans un placard tes idées noires
Les notes pourront se danser et nous reviendrons les chanter
Quand le sucre est tombé, choqué, le café renversé
Je sentais bien que la journée était mal commencée
Plus tard la caisse était cassée avant que craquent les chromes
Mettant la gomme j'avais détalé
La musique était mon sourire, les vieux succès mes souvenirs
On sent tous son dernier soupir lorsqu'on va mourir
Mais un souffle j'avais gardé car on ne peut pas trépasser
Chacun le sait sans voir un disque jockey
Et tu chantes, danses jusqu'au bout de la nuit
Tes flashes en musique funky
Y a la basse qui frappe et la guitare qui choque
Il y a le batteur qui s'éclate et toi qui tiens le choc
Et tu chantes, chantes, chantes ce refrain qui te plaît
Et tu tapes, tapes, tapes c'est ta façon d'aimer
Ce rythme qui t'entraîne jusqu'au bout de la nuit
Réveille en toi le tourbillon d'un vent de folie
Et tu chantes, chantes, chantes ce refrain qui te plaît
Et tu tapes, tapes, tapes c'est ta façon d'aimer
Ce rythme qui t'entraîne jusqu'au bout de la nuit
Réveille en toi le tourbillon d'un vent de folie
Et tu chantes, chantes, chantes ce refrain qui te plaît
Et tu tapes, tapes, tapes c'est ta façon d'aimer
Ce rythme qui t'entraîne jusqu'au bout de la nuit
Réveille en toi le tourbillon d'un vent de folie
"
Partenaire particulier,Partenaire particulier,"Je suis un être à la recherche
Non pas de la vérité
Mais simplement d'une aventure
Qui sorte un peu de la banalité
J'en ai assez de ce carcan
Qui m'enferme dans toutes ces règles
Ils me disent de rester dans la norme
Mais l'on finit par s'y ennuyer
Alors je cherche et je trouverai
Cette fille qui me manque tant
Alors je cherche et je trouverai
Cette fille qui me tente tant
Qui me tente tant
Partenaire particulier
Cherche partenaire particulière
Débloquée, pas trop timide
Et une bonne dose de savoir-faire
Savoir-faire
Vous comprendrez que de tels péchés
Parfois sont difficiles à avouer
Ils sont autour de moi si coincés
Ce n'est pas parmi eux que je trouverai
Je dois trouver de nouveaux horizons
Mais je finis parfois par tourner en rond
Alors je cherche et je trouverai
Cette fille qui me manque tant
Alors je cherche et je trouverai
Cette fille qui me tente tant
Qui me tente tant
Partenaire particulier
Cherche partenaire particulière
Débloquée, pas trop timide
Et une bonne dose de savoir-faire
Savoir-faire
Alors je cherche et je trouverai
Cette fille qui me manque tant
Alors je cherche et je trouverai
Cette fille qui me tente tant
Alors je cherche et je trouverai
Cette fille qui me manque tant
Alors je cherche et je trouverai
Cette fille qui me tente tant
Qui me tente tant
Partenaire particulier
Cherche partenaire particulière
Débloquée, pas trop timide
Et une bonne dose de savoir-faire
Savoir-faire
Partenaire particulier
Cherche partenaire particulière
Débloquée, pas trop timide
Et une bonne dose de savoir-faire
Partenaire particulier
Cherche partenaire particulière
Débloquée, pas trop timide
Et une bonne dose de savoir-faire
Partenaire particulier
Cherche partenaire particulière
Débloquée, pas trop timide
Et une bonne dose de savoir-faire
Partenaire particulier
Cherche partenaire particulière"
Toute première fois,Jeanne Mas,"Ah
Des gouttes salées
Ont déchiré
L'étrange pâleur d'un secret
Ah
Pourquoi ces mots
Si forts, si chauds
Qu'ils gémissaient sur ta peau
Te font l'effet d'un couteau?
Et tu recherches dans le vague
Une ombre, un sourire qui soulage
Une voix sans image
Un refrain qui voudrait crier
Toute première fois
Toute, toute première fois
Toute, toute première fois
Toute, toute première fois
Toute première fois
Toute, toute première fois
Toute, toute première fois
Toute, toute première fois
Ah
Lèvres séchées
Gorge nouée
Tes mains ne serrent qu'à fumer
Ah
Que d'insolence
Dans le silence
Qui trouble ton innocence
Un jeu mêlé de souffrances
Comme un guerrier que l'on blesse
Se cache dans son rêve
Se masque de tout son courage
Sans cesse continue le combat
Toute première fois
Toute, toute première fois
Toute, toute première fois
Toute, toute première fois
Comme la toute, toute première fois
Toute première fois
Toute, toute première fois
Toute, toute première fois
Toute, toute première fois
Toute première fois
Toute, toute première fois
Toute, toute première fois
Toute, toute première fois
Toute première fois
Toute, toute première fois
Toute, toute première fois
Toute, toute première fois"
Bande organisée,13' Organisé,"Oui, ma gâtée, RS4 gris nardo, bien sûr qu'ils m'ont raté (gros, bien sûr)
Soleil dans la bulle, sur le Prado, Shifter pro' (Shifter pro')
Contre-sens (ah), ma chérie, tu es à contre-sens
Puta, où tu étais quand j'mettais des sept euros d'essence (hein)
Tu veux nous faire la guerre (hein), par Dieu, c'est B (ah)
Ça prend ton Audi, ça prend ta gadji, ça prend ta CB (eh, eh)
Le téléphone bippe (brr), que tu prends la kew (ew)
C'est Marseille, bébé (ah), sa mère un CDD (ah)
Wesh alors, ma race, tranquille ou quoi (oh, mathafuck)
Grimpe dans la tchop, j'fais 0 à 100 en 2 secondes 3
Guitarisé, oh, AC/DC, oh, on s'croise, c'est sûr, tu es tétanisé
J'ai passé la bague à Tchikita, deux mois après, j'l'ai déjà quitté (ah, ah)
T'es un petit bâtard, j'suis un apache, j'suis un Diakité (eh)
J'suis le capitaine (eh), j'vais les décapiter (eh)
C'est pas la capitale (nan), c'est Marseille, bébé (pah, pah, pah)
1.3, Audi Sport, j'passe la douane, les rapports
Nique ta mère sur la Canebière, nique tes morts sur le Vieux-Port (Santé & Honneur)
Mi amor, c'est les quartiers Sud, c'est les quartiers Nord
Nique ta mère sur la Canebière, nique tes morts sur le Vieux-Port (ah)
J'suis à la zone, sans casque sur un scooter kit-é
Oublie-la, c'est une puta, elle t'a quitté
J'suis ailleurs, c'est d'la moula qu'j'ai effrité
Depuis t'à l'heure, que ça me nique mon briquet
Rafale, flow bazookaw, j'ai des potes qui s'déplacent au cas où
La moto, elle fait ""brm, brm, brm, brm"", toujours là, demande à Tikow
J'suis dans l'game en claquettes, survêt'
J'fuck les folles qui parlent de moi sur l'net
J'suis sous potion là, j'tire 2-3 sur l'pét'
Au fait, on grimpe, envoie les zéros sur l'chèque
Ah, ah, poto, que pasa, ah, ah, dans la cabesa
Ah, ah, grr, ratata, ah, ah, pour les mapesa
Ah, ah, poto, que pasa, ah, ah, dans la cabesa
Ah, ah, grr, ratata, ah, ah, pour les mapesa
Plus besoin d'aller chez Lacoste depuis qu'j'suis fait d'or et d'platine
Et sur Twitter, j'vois leurs posts, nique leurs mères ceux qui parlent mal d'la team
En bande organisée, personne peut nous canaliser
Dans la zone, ça fume la fusée, pisté par les banalisées
Hasta luego, fais-en un, hasta luego, fais-en deux
Hasta luego, ouh, ouh, hasta luego, bam, bam
C'est du 24 carats (nan), j'rappe depuis l'époque de Cara
La technique, le flow de malade, artistiquement, on se balade (ok)
T-Max, casque Araï, recherché à kech-Marra
J'lui envoie une frappe imparable, j'fais couler son mascara (ah, ah)
Le J, c'est le S (ok), hum, j'sors le RS (vroum, vroum)
Une liasse épaisse, arlabelek', N.A.P.S (ah, ah)
Le, le J, c'est le S (ok), hum, j'sors le RS (vroum, vroum)
Une liasse épaisse, arlabelek', N.A.P.S (ok)
Yo, cesse ton baratin (yeah), t'es qu'un fils de bar à tain-p' (ah)
J'commence le rap avec 7 et 3, à la rivière, j'ai touché la quinte
Yo, j'vise l'or, le platine (ah), à la base, c'était les assises
J'suis un peu d'Zampa, un peu d'Zizou (coup), j'offre un Ricard à Poutine
Jeune trafiquant dans le bâtiment, cavale comme Usain Bolt (ah, ah)
Je connais le maniement de mon département, le soir, pour te froisser ta go' (ah, ah, ah)
Et ça fait, zumba, caféw, caféw, carnaval
J'suis dans l'4x4 teinté, pisté par la banal'
Et ça fait, zumba, caféw, caféw, carnaval
J'suis dans l'4x4 teinté, pisté par la banal'
En bande organisée, personne peut nous canaliser
Dans la zone, ça fume la fusée, pisté par les banalisées
Hasta luego, fais-en un, hasta luego, fais-en deux
Hasta luego, ouh, ouh, hasta luego, bam, bam
Égal, illégal (eh), Alpha, Oméga (vroum)
On fait coup d'état, balle dans la te-tê, c'est la cuenta (vroum)
Poursuite, y a les bleus (bleus), serein, j'sors d'la bleue (bleue)
Ter-ter, guidon, logistique, par terre, du sang balistique
A-tchu-tchu-tcha (tcha), c'est une salvatrucha ('cha)
Trafic haram (ah), Marseille, on trouve des cadavres (ouais)
Marseille hala, plus d'âme, les petits passent à l'acte (ouais)
Milli', j'veux l'milli' comme l'OVNI (hum), ces filha puta, j'les finis
Yah, on les rend amis, ennemis, yah, on les rend ennemis, amis, yah
J'ai les poches pleines, tu m'suis, j'ai fait le calcul de plus le calculer lui, yah (ouh)
Comportement dans la zone, yah, comporte avec les hommes, yah
Garde la pêche, moi, j'ai la forme, forme, temenik, on te déforme
Car c'est trop vrai, t'as l'regard et l'fond mauvais, quand j'galère, toi t'es refait (eh)
Au lit, t'es mauvais (eh), ta gadji, on la connaît (eh, eh)
Au parloir, elle a tourné (eh, eh), cognée par des prisonniers (ouh, ouh)
Tu dois des sous, sous, sous, tu fais la mala dans les ""boum, boum, boum""
Pour de la monnaie, on te click, click, boum, l'alcool, on la glou, glou, glou (glou, glou, glou)
Tu dois des sous, sous, sous, tu fais la mala dans les ""boum, boum, boum""
Pour de la monnaie, on te click, click, boum, l'alcool, on la glou, glou, glou (glou, glou, glou)
Wesh, tu veux pas la guerre mais pourquoi tu allumes la mèche (mèche, mèche)
J'suis dans la zone, j'évite les putas, wesh
Moi, j'écoute pas les gens et ma Clio, elle est sur les jantes
J'fais que fumer le jaune, des fois, avec un peu de Marie-Jeanne
Hier, j'étais bleu, j'voulais un Porsche GT bleu (bleu)
Y avait le pain, on était plein, y avait pas un, on était deux (deux)
J'suis dans le bloc, ma biche, dans la zone, c'est chacun sa kich' (sa kich')
Y a eu des traîtres, des traîtres, des traîtres, nique sa mère, c'est rien, ma3lich
Au quartier, y a d'la vente d'armes, nouvelle paire, j'paye en espèces
Fais belek, y a les gendarmes, ils sont loin, c'est bon, déstresse
C'est tous pour la plata, retour de flamme, fumar mata (brh)
Ça danse en équipe sur le chant des ""ratata""
En bande organisée, personne peut nous canaliser
Dans la zone, ça fume la fusée, pisté par les banalisées
Hasta luego, fais-en un, hasta luego, fais-en deux
Hasta luego, ouh, ouh, hasta luego, bam, bam
En bande organisée, personne peut nous canaliser
Dans la zone, ça fume la fusée, pistés par les banalisées
Hasta luego, fais-en un, hasta luego, fais-en deux
Hasta luego, ouh, ouh, hasta luego, bam, bam"
La kiffance,Naps,"Okay
Prépare les valises, ma jolie (Zeg P on the track, bitch)
Tout ça, c'est fini
J'vais t'faire kiffer les week-ends, ma jolie (okay)
Elle m'parle plus du quartier, du shit, d'la police (ouh-ouh)
Toute la semaine, comme le J, en folie (han)
J'fais des cendriers-canettes dans l'Audi (vroum)
J'passe les vitesses aux palettes vers Conti
Vas-y, garde-moi la barrette, là, j'suis en condi'
Comme à l'ancienne, j'mets le polo crocodile (ouais)
Bronzage doré à l'huile de cocotier (okay)
Voyager jusqu'au Nirvana
Hôtel cinq étoiles, prendre le p'tit déj' en pyjama
Faire un p'tit pétou sur le Mont Fujiyama
Faire le tour d'la Thaïlande en 500 Yamaha (okay)
Faut j'quitte la France, elle a fait la petite frange
C'est la kiffance, c'est la kiffance
Que je dépense, gros joint devant la Défense
C'est la kiffance, c'est la kiffance (ouh-ouh)
J'prends Uber Eats, j'suis calé au George V
À la Ribéry, j'mange des entrecôtes à mille-cinq
J'vais faire un tour, j'suis sans casque en 125 (vroum-vroum)
J'suis dans la kiffance, j'me sens plus d'attendre le 5
J'fais plaisir à ma mère, dans l'ménage, elle a trop souffert (ouais, ouais)
Ma mère, c'est ma reine, j'la laisse même pas mettre les couverts (gamberge)
Quand j'étais en galère, elle m'dépannait à découvert (ouh)
Dernier Range Rover, que je rôde le toit ouvert
Faut j'quitte la France, elle a fait la petite frange (okay)
C'est la kiffance (okay), c'est la kiffance (okay)
Que je dépense, gros joint devant la Défense (ouh)
C'est la kiffance (ouh), c'est la kiffance (ouh-ouh)
Voyager jusqu'au Nirvana
Hôtel cinq étoiles, prendre le p'tit déj' en pyjama
Faire un p'tit pétou sur le Mont Fujiyama
Faire le tour d'la Thaïlande en 500 Yamaha (okay)
Faut j'quitte la France, elle a fait la petite frange (okay)
C'est la kiffance, c'est la kiffance (Manny)
Que je dépense, gros joint devant la Défense (okay)
C'est la kiffance (ouh), c'est la kiffance (ouh, ouh)
Faut j'quitte la France, elle a fait la petite frange (okay)
C'est la kiffance, c'est la kiffance
Que je dépense, gros joint devant la Défense
C'est la kiffance, c'est la kiffance
Voyager jusqu'au Nirvana
Hôtel cinq étoiles, prendre le p'tit déj' en pyjama (okay)
P'tit pétou sur le Mont Fujiyama
C'est la kiffance"
